Unnamed: 0,id,p_id,tool_config,tool_env_config,component_config,component_env_config,component_env_configs,tool_configs
0,72,100,46,92,103,125,"{""host"": 125}","{""_main_"": 46, ""tool_config"": 46}"
1,3676,99,,530,530,,{},"{""ls"": 2287, ""_main_"": 2287}"
2,8,0,13,14,15,16,"{""host"": 16}","{""tool"": 13, ""_main_"": 13}"
3,9,99,17,18,19,20,"{""host"": 20}","{""tool"": 17, ""_main_"": 17}"
4,12,99,27,28,29,30,"{""host"": 30}","{""_main_"": 27, ""tool_config"": 27}"
5,15,99,27,35,36,37,"{""host"": 37}","{""_main_"": 27, ""tool_config"": 27}"
6,17,2,42,43,44,45,"{""host"": 45}","{""_main_"": 42, ""tool_config"": 42}"
7,20,100,46,53,54,55,"{""host"": 55}","{""_main_"": 46, ""tool_config"": 46}"
8,22,99,27,59,60,61,"{""host"": 61}","{""_main_"": 27, ""tool_config"": 27}"
9,24,99,27,63,64,30,"{""host"": 30}","{""_main_"": 27, ""tool_config"": 27}"
10,27,99,27,63,68,69,"{""host"": 69}","{""_main_"": 27, ""tool_config"": 27}"
11,29,99,27,63,66,72,"{""host"": 72}","{""_main_"": 27, ""tool_config"": 27}"
12,32,99,27,76,77,78,"{""host"": 78}","{""_main_"": 27, ""tool_config"": 27}"
13,34,99,27,63,73,80,"{""host"": 80}","{""_main_"": 27, ""tool_config"": 27}"
14,36,99,27,81,82,83,"{""host"": 83}","{""_main_"": 27, ""tool_config"": 27}"
15,39,99,85,76,86,84,"{""host"": 84}","{""_main_"": 85, ""tool_config"": 85}"
16,41,99,85,76,88,84,"{""host"": 84}","{""_main_"": 85, ""tool_config"": 85}"
17,42,99,27,76,77,89,"{""host"": 89}","{""_main_"": 27, ""tool_config"": 27}"
18,47,100,46,95,96,97,"{""host"": 97}","{""_main_"": 46, ""tool_config"": 46}"
19,49,100,46,92,93,101,"{""host"": 101}","{""_main_"": 46, ""tool_config"": 46}"
20,52,100,46,92,104,94,"{""host"": 94}","{""_main_"": 46, ""tool_config"": 46}"
21,54,100,46,92,106,94,"{""host"": 94}","{""_main_"": 46, ""tool_config"": 46}"
22,56,100,46,92,108,94,"{""host"": 94}","{""_main_"": 46, ""tool_config"": 46}"
23,59,100,46,92,113,94,"{""host"": 94}","{""_main_"": 46, ""tool_config"": 46}"
24,61,100,46,92,112,115,"{""host"": 115}","{""_main_"": 46, ""tool_config"": 46}"
25,62,100,46,92,103,116,"{""host"": 116}","{""_main_"": 46, ""tool_config"": 46}"
26,66,100,46,92,103,119,"{""host"": 119}","{""_main_"": 46, ""tool_config"": 46}"
27,67,100,46,92,103,120,"{""host"": 120}","{""_main_"": 46, ""tool_config"": 46}"
28,73,99,27,63,126,127,"{""host"": 127}","{""_main_"": 27, ""tool_config"": 27}"
29,74,100,46,92,112,125,"{""host"": 125}","{""_main_"": 46, ""tool_config"": 46}"
30,76,100,46,92,113,125,"{""host"": 125}","{""_main_"": 46, ""tool_config"": 46}"
31,81,99,27,76,135,30,"{""host"": 30}","{""_main_"": 27, ""tool_config"": 27}"
32,83,1,136,137,138,139,"{""host"": 139}","{""_main_"": 136, ""tool_config"": 136}"
33,84,100,46,92,140,125,"{""host"": 125}","{""_main_"": 46, ""tool_config"": 46}"
34,728,1,501,429,430,502,"{""host"": 502}","{""_main_"": 501, ""tool_config"": 501}"
35,4,1,4,8,8,5,"{""host"": 5}","{""tool"": 4, ""_main_"": 4}"
36,95,99,62,152,153,154,"{""host"": 154}","{""_main_"": 62, ""tool_config"": 62}"
37,3677,1,,2289,2246,,"{""host"": 2247}","{""_main_"": 2288, ""netperf"": 2288}"
38,98,99,62,161,162,163,"{""host"": 163}","{""_main_"": 62, ""tool_config"": 62}"
39,100,1,136,164,165,166,"{""host"": 166}","{""_main_"": 136, ""tool_config"": 136}"
40,103,1,148,137,170,139,"{""host"": 139}","{""_main_"": 148, ""tool_config"": 148}"
41,107,99,62,161,162,174,"{""host"": 174}","{""_main_"": 62, ""tool_config"": 62}"
42,108,1,148,137,170,175,"{""host"": 175}","{""_main_"": 148, ""tool_config"": 148}"
43,110,99,85,177,178,30,"{""host"": 30}","{""_main_"": 85, ""tool_config"": 85}"
44,113,99,62,155,156,181,"{""host"": 181}","{""_main_"": 62, ""tool_config"": 62}"
45,115,99,27,177,178,183,"{""host"": 183}","{""_main_"": 27, ""tool_config"": 27}"
46,118,99,62,155,190,181,"{""host"": 181}","{""_main_"": 62, ""tool_config"": 62}"
47,120,99,62,152,192,127,"{""host"": 127}","{""_main_"": 62, ""tool_config"": 62}"
48,122,99,62,152,194,127,"{""host"": 127}","{""_main_"": 62, ""tool_config"": 62}"
49,125,99,27,63,197,127,"{""host"": 127}","{""_main_"": 27, ""tool_config"": 27}"
